{
  "target_image": "target.png",
  "optimized": {
    "cam1.png": {
      "camera_id": 1653,
      "K": [
        [
          937.171569021877,
          0.0,
          1170.87973832603
        ],
        [
          0.0,
          625.7100240370501,
          536.057843282133
        ],
        [
          0.0,
          0.0,
          1.0
        ]
      ],
      "R_w2c": [
        [
          -0.6348256825710661,
          0.770559235899074,
          -0.056875449174622617
        ],
        [
          0.583109412686003,
          0.429496970068173,
          -0.6895765117369085
        ],
        [
          -0.5069317168861743,
          -0.4709254895128244,
          -0.7219760506706177
        ]
      ],
      "t_w2c": [
        0.02593207984362348,
        -1.4409875046587635,
        2.2936429603596538
      ],
      "rmse": 6.091512340060328
    },
    "cam2.png": {
      "camera_id": 1654,
      "K": [
        [
          1350.7149734631907,
          0.0,
          1265.970321708775
        ],
        [
          0.0,
          1059.1802130373871,
          174.56725417078118
        ],
        [
          0.0,
          0.0,
          1.0
        ]
      ],
      "R_w2c": [
        [
          0.02835488910922157,
          -0.9992424560932653,
          0.026655472314390416
        ],
        [
          -0.3277821368114327,
          -0.03448641422028176,
          -0.9441236984747067
        ],
        [
          0.9443277349791943,
          0.018033335102709325,
          -0.3285116859019451
        ]
      ],
      "t_w2c": [
        1.5877218228611418,
        -0.18486802034704777,
        2.892483281269778
      ],
      "rmse": 4.318533034047234
    },
    "cam3.png": {
      "camera_id": 1655,
      "K": [
        [
          1209.3975304872401,
          0.0,
          1121.1920000144016
        ],
        [
          0.0,
          915.6642501992177,
          362.96742853185594
        ],
        [
          0.0,
          0.0,
          1.0
        ]
      ],
      "R_w2c": [
        [
          -0.9587938994975563,
          -0.27276363580614393,
          -0.0794623009236646
        ],
        [
          -0.03193139551631527,
          0.3813852545780184,
          -0.923864532045062
        ],
        [
          0.2823023986200798,
          -0.8832583351275403,
          -0.3743795789851201
        ]
      ],
      "t_w2c": [
        -2.227685508429023,
        0.02228186184068133,
        2.3535758473370922
      ],
      "rmse": 6.56466729505595
    },
    "cam4.png": {
      "camera_id": 1656,
      "K": [
        [
          1050.345881600603,
          0.0,
          1168.0153798285385
        ],
        [
          0.0,
          898.2234314182542,
          603.5595900655487
        ],
        [
          0.0,
          0.0,
          1.0
        ]
      ],
      "R_w2c": [
        [
          0.6668028535144186,
          -0.7430277076414084,
          -0.05730427752081452
        ],
        [
          -0.5444336619187636,
          -0.4331854005109313,
          -0.7182913034096331
        ],
        [
          0.5088869641823754,
          0.5101570684224005,
          -0.6933785569397917
        ]
      ],
      "t_w2c": [
        0.23633977298339393,
        -1.950450790069716,
        2.7754371148765444
      ],
      "rmse": 3.274661630346254
    },
    "cam7.png": {
      "camera_id": 1659,
      "K": [
        [
          826.7769293484647,
          0.0,
          1148.2147760063046
        ],
        [
          0.0,
          607.008165634173,
          702.386694658831
        ],
        [
          0.0,
          0.0,
          1.0
        ]
      ],
      "R_w2c": [
        [
          0.6363984395858744,
          0.771168927414478,
          0.017190447436494394
        ],
        [
          0.6221957266171594,
          -0.5000324875454365,
          -0.6023620084122734
        ],
        [
          -0.4559270817488344,
          0.3940380651530082,
          -0.798037905953386
        ]
      ],
      "t_w2c": [
        0.03029840510428864,
        -2.1092897574779834,
        2.230534286378126
      ],
      "rmse": 5.8880940325429165
    },
    "cam8.png": {
      "camera_id": 1660,
      "K": [
        [
          920.1204305922857,
          0.0,
          1244.234378613074
        ],
        [
          0.0,
          878.4742495462186,
          902.7038078914587
        ],
        [
          0.0,
          0.0,
          1.0
        ]
      ],
      "R_w2c": [
        [
          0.5963528267409447,
          0.7964626075687928,
          -0.10005308982136846
        ],
        [
          0.5415599767600037,
          -0.49119704325838753,
          -0.6822303542542809
        ],
        [
          -0.5925167488010681,
          0.35266525124959003,
          -0.7242590164791014
        ]
      ],
      "t_w2c": [
        -0.7991576024248622,
        -1.5308881108736612,
        2.0472966699555326
      ],
      "rmse": 6.311721208286445
    }
  }
}